{
  "userCarMatrix": {
    "user4": {
      "1": 5,
      "2": 5,
      "3": 4,
      "4": 5,
      "5": 5,
      "6": 2,
      "7": 5,
      "8": 5,
      "9": 5,
      "10": 1,
      "11": 5,
      "12": 5,
      "13": 2,
      "14": 2,
      "15": 4,
      "16": 4,
      "17": 4,
      "18": 1,
      "19": 4,
      "20": 2
    },
    "user3": {
      "1": 5,
      "2": 5,
      "3": 1,
      "4": 4,
      "5": 1,
      "6": 2,
      "7": 2,
      "8": 5,
      "9": 1,
      "10": 1,
      "11": 4,
      "12": 1,
      "13": 5,
      "14": 2,
      "15": 2,
      "16": 2,
      "17": 1,
      "18": 2,
      "19": 5,
      "20": 2
    },
    "user1": {
      "1": 2,
      "2": 2,
      "3": 4,
      "4": 1,
      "5": 2,
      "6": 5,
      "7": 1,
      "8": 2,
      "9": 4,
      "10": 1,
      "11": 5,
      "12": 2,
      "13": 1,
      "14": 2,
      "15": 5,
      "16": 5,
      "17": 2,
      "18": 2,
      "19": 1,
      "20": 5
    },
    "user2": {
      "1": 5,
      "2": 2,
      "3": 5,
      "4": 2,
      "5": 5,
      "6": 2,
      "7": 5,
      "8": 5,
      "9": 2,
      "10": 5,
      "11": 2,
      "12": 2,
      "13": 1,
      "14": 4,
      "15": 5,
      "16": 1,
      "17": 1,
      "18": 2,
      "19": 2,
      "20": 5
    },
    "user5": {
      "1": 5,
      "2": 4,
      "3": 4,
      "4": 2,
      "5": 5,
      "6": 5,
      "7": 5,
      "8": 5,
      "9": 1,
      "10": 5,
      "11": 2,
      "12": 5,
      "13": 5,
      "14": 1,
      "15": 5,
      "16": 5,
      "17": 1,
      "18": 5,
      "19": 5,
      "20": 5
    }
  },
  "userSimilarities": {
    "user4": {
      "user4": 1,
      "user3": 0.8414500514573807,
      "user1": 0.806954863307441,
      "user2": 0.8323581266889208,
      "user5": 0.8469498217358751
    },
    "user3": {
      "user4": 0.8414500514573807,
      "user3": 1,
      "user1": 0.6701502156974117,
      "user2": 0.726178823324003,
      "user5": 0.8260446482989783
    },
    "user1": {
      "user4": 0.806954863307441,
      "user3": 0.6701502156974117,
      "user1": 1,
      "user2": 0.7703909913424659,
      "user5": 0.800919742474956
    },
    "user2": {
      "user4": 0.8323581266889208,
      "user3": 0.726178823324003,
      "user1": 0.7703909913424659,
      "user2": 1,
      "user5": 0.8818079784908914
    },
    "user5": {
      "user4": 0.8469498217358751,
      "user3": 0.8260446482989783,
      "user1": 0.800919742474956,
      "user2": 0.8818079784908914,
      "user5": 1
    }
  },
  "carSimilarities": {
    "1": {
      "1": 1,
      "2": 0.9575175804338618,
      "3": 0.8891234675457289,
      "4": 0.9291228286772588,
      "5": 0.9209109202723808,
      "6": 0.8094701572534166,
      "7": 0.9538005959963943,
      "8": 1.0000000000000002,
      "9": 0.7580716771900756,
      "10": 0.8350973105825663,
      "11": 0.8549264111016623,
      "12": 0.8808590390495852,
      "13": 0.8779385507546066,
      "14": 0.8922373748933065,
      "15": 0.9054490911587256,
      "16": 0.8146146122025235,
      "17": 0.7974142996067926,
      "18": 0.8589844300173002,
      "19": 0.9542628314372419,
      "20": 0.8610616978192351
    },
    "2": {
      "1": 0.9575175804338618,
      "2": 1,
      "3": 0.7972972972972973,
      "4": 0.969954025101608,
      "5": 0.831800391856058,
      "6": 0.797227103732615,
      "7": 0.8707910352243108,
      "8": 0.9575175804338618,
      "9": 0.7799971985028058,
      "10": 0.6706493310532885,
      "11": 0.9054054054054054,
      "12": 0.8777809025447034,
      "13": 0.9165204048517701,
      "14": 0.7771192051974221,
      "15": 0.8348729258252182,
      "16": 0.8553555059109612,
      "17": 0.8483757897365093,
      "18": 0.8108878578850678,
      "19": 0.9795200148335201,
      "20": 0.7655901625358509
    },
    "3": {
      "1": 0.8891234675457289,
      "2": 0.7972972972972973,
      "3": 1,
      "4": 0.7562353416046435,
      "5": 0.9617692030835672,
      "6": 0.8858078930362389,
      "7": 0.9227785597153144,
      "8": 0.8891234675457289,
      "9": 0.8647795026878934,
      "10": 0.8622634256399424,
      "11": 0.8378378378378378,
      "12": 0.8929150560368535,
      "13": 0.65243825430126,
      "14": 0.9066390727303258,
      "15": 0.9899207549070445,
      "16": 0.8691515624579123,
      "17": 0.8241364814583233,
      "18": 0.8297457150451857,
      "19": 0.7587831100823044,
      "20": 0.9569877031698135
    },
    "4": {
      "1": 0.9291228286772588,
      "2": 0.969954025101608,
      "3": 0.7562353416046435,
      "4": 1,
      "5": 0.8063808033429366,
      "6": 0.6645396174990671,
      "7": 0.8538149682454623,
      "8": 0.9291228286772588,
      "9": 0.8045085720818589,
      "10": 0.5827715174143585,
      "11": 0.8877545314489294,
      "12": 0.828517156108491,
      "13": 0.8126236169698385,
      "14": 0.7878385971583353,
      "15": 0.7690048251166125,
      "16": 0.7552632224670202,
      "17": 0.8846517369293828,
      "18": 0.6653056282246292,
      "19": 0.923099494126358,
      "20": 0.6674894521074463
    },
    "5": {
      "1": 0.9209109202723808,
      "2": 0.831800391856058,
      "3": 0.9617692030835672,
      "4": 0.8063808033429366,
      "5": 1,
      "6": 0.8093456138020674,
      "7": 0.9874999999999998,
      "8": 0.9209109202723808,
      "9": 0.7991018894904667,
      "10": 0.8907279194092292,
      "11": 0.7668159862423035,
      "12": 0.9461115783268208,
      "13": 0.7021968079839562,
      "14": 0.8512161685008347,
      "15": 0.9406045088693034,
      "16": 0.8226545832731266,
      "17": 0.8159417072102746,
      "18": 0.8342976876265135,
      "19": 0.8226545832731266,
      "20": 0.8835852486128687
    },
    "6": {
      "1": 0.8094701572534166,
      "2": 0.797227103732615,
      "3": 0.8858078930362389,
      "4": 0.6645396174990671,
      "5": 0.8093456138020674,
      "6": 1,
      "7": 0.7667484762335375,
      "8": 0.8094701572534166,
      "9": 0.759519770249687,
      "10": 0.767571598917257,
      "11": 0.8415174983844269,
      "12": 0.8432344196576376,
      "13": 0.7806708682974502,
      "14": 0.7310832774866962,
      "15": 0.9381555433026774,
      "16": 0.9646170963975427,
      "17": 0.7149966407987077,
      "18": 0.9270963488591203,
      "19": 0.7837513908230035,
      "20": 0.947925097196537
    },
    "7": {
      "1": 0.9538005959963943,
      "2": 0.8707910352243108,
      "3": 0.9227785597153144,
      "4": 0.8538149682454623,
      "5": 0.9874999999999998,
      "6": 0.7667484762335375,
      "7": 1,
      "8": 0.9538005959963943,
      "9": 0.7501772840114586,
      "10": 0.8907279194092292,
      "11": 0.7538191051195526,
      "12": 0.9315560155833312,
      "13": 0.7619582384506759,
      "14": 0.8512161685008347,
      "15": 0.9061921487887191,
      "16": 0.782848716340556,
      "17": 0.7926290870042667,
      "18": 0.8342976876265135,
      "19": 0.8757290725165541,
      "20": 0.8467691965873325
    },
    "8": {
      "1": 1.0000000000000002,
      "2": 0.9575175804338618,
      "3": 0.8891234675457289,
      "4": 0.9291228286772588,
      "5": 0.9209109202723808,
      "6": 0.8094701572534166,
      "7": 0.9538005959963943,
      "8": 1,
      "9": 0.7580716771900756,
      "10": 0.8350973105825663,
      "11": 0.8549264111016623,
      "12": 0.8808590390495852,
      "13": 0.8779385507546066,
      "14": 0.8922373748933065,
      "15": 0.9054490911587256,
      "16": 0.8146146122025235,
      "17": 0.7974142996067926,
      "18": 0.8589844300173002,
      "19": 0.9542628314372419,
      "20": 0.8610616978192351
    },
    "9": {
      "1": 0.7580716771900756,
      "2": 0.7799971985028058,
      "3": 0.8647795026878934,
      "4": 0.8045085720818589,
      "5": 0.7991018894904667,
      "6": 0.759519770249687,
      "7": 0.7501772840114586,
      "8": 0.7580716771900756,
      "9": 1,
      "10": 0.5009024373130382,
      "11": 0.9326053460359635,
      "12": 0.8165701889135352,
      "13": 0.5067927641305429,
      "14": 0.7855070188074355,